id,nom,prenom,email,date_naissance,mot_de_passe,date_inscription
1000,PELLETIER,Lorelle,lorelle.pelletier@exmpmail.com,1970-03-16,password,2015-02-06
1001,MENARD,Ibraheem,ibraheem.menard@exmpmail.com,1974-03-26,password,2015-09-26
1002,CHAUVIN,Sango,sango.chauvin@exmpmail.com,1986-12-02,password,2016-05-15
1003,JACQUET,Burgundy,burgundy.jacquet@exmpmail.com,1982-05-17,password,2015-08-06
1004,HUET,Jacobo,jacobo.huet@exmpmail.com,1979-10-22,password,2016-02-09
1005,CHAUVIN,Jahzeel,jahzeel.chauvin@exmpmail.com,1960-03-18,password,2015-12-29
1006,MAILLARD,Stanislawa,stanislawa.maillard@exmpmail.com,1968-11-01,password,2015-10-24
1007,GAY,Zlatko,zlatko.gay@exmpmail.com,1963-03-13,password,2014-05-13
1008,LE GALL,Fiachra,fiachra.le gall@exmpmail.com,1968-04-30,password,2016-09-03
1009,COLLIN,Danya,danya.collin@exmpmail.com,1977-10-11,password,2014-09-15
1010,PERRIER,Vibol,vibol.perrier@exmpmail.com,1968-03-26,password,2016-06-06
1011,BARTHELEMY,Ante,ante.barthelemy@exmpmail.com,1985-01-25,password,2014-05-29
1012,HOARAU,Clemens,clemens.hoarau@exmpmail.com,1971-05-28,password,2015-11-09
1013,BARON,Ingegärd,ingegärd.baron@exmpmail.com,1962-11-30,password,2014-12-12
1014,GILBERT,Rajnish,rajnish.gilbert@exmpmail.com,1989-06-14,password,2015-08-29
1015,DELAUNAY,Can,can.delaunay@exmpmail.com,1980-01-03,password,2014-04-16
1016,JULIEN,Desta,desta.julien@exmpmail.com,1988-03-08,password,2015-08-09
1017,ANTOINE,Dalia,dalia.antoine@exmpmail.com,1979-09-08,password,2016-11-09
1018,GUICHARD,Myranda,myranda.guichard@exmpmail.com,1964-12-04,password,2014-12-13
1019,BRETON,Caspar,caspar.breton@exmpmail.com,1976-01-28,password,2016-09-02
1020,WEBER,Sophia,sophia.weber@exmpmail.com,1980-03-13,password,2015-12-17
1021,DANIEL,Joni ,joni .daniel@exmpmail.com,1966-01-01,password,2016-01-12
1022,PERRET,Annas,annas.perret@exmpmail.com,1978-01-31,password,2016-01-20
1023,PERRIER,Diogenes,diogenes.perrier@exmpmail.com,1971-09-13,password,2015-04-07
1024,POIRIER,Della,della.poirier@exmpmail.com,1961-06-26,password,2014-03-19
1025,HAMON,Vico,vico.hamon@exmpmail.com,1968-11-18,password,2014-10-09
1026,BERTIN,Nicola ,nicola .bertin@exmpmail.com,1977-10-17,password,2014-04-20
1027,LOPEZ,Mari,mari.lopez@exmpmail.com,1987-10-29,password,2014-05-07
1028,ADAM,Beauregard,beauregard.adam@exmpmail.com,1983-10-14,password,2014-07-22
1029,HERVE,Teodors,teodors.herve@exmpmail.com,1976-08-19,password,2016-07-07
1030,BAILLY,Hajnalka,hajnalka.bailly@exmpmail.com,1990-06-30,password,2014-01-12
1031,GAY,Africa,africa.gay@exmpmail.com,1965-07-24,password,2016-04-24
1032,GUILLOT,Mattia,mattia.guillot@exmpmail.com,1973-01-16,password,2014-12-20
1033,HAMON,Oz ,oz .hamon@exmpmail.com,1978-01-11,password,2014-01-13
1034,SANCHEZ,Gudrun,gudrun.sanchez@exmpmail.com,1964-11-28,password,2014-11-25
1035,MAILLARD,Zain,zain.maillard@exmpmail.com,1966-06-24,password,2015-11-08
1036,DUPUIS,Ofelia,ofelia.dupuis@exmpmail.com,1982-06-24,password,2014-12-14
1037,LOUIS,Feidhelm,feidhelm.louis@exmpmail.com,1964-01-29,password,2014-05-20
1038,LECOMTE,Malene,malene.lecomte@exmpmail.com,1975-03-22,password,2013-12-23
1039,HUBERT,Krysia,krysia.hubert@exmpmail.com,1973-03-25,password,2015-03-06
1040,HUET,Ganesha,ganesha.huet@exmpmail.com,1991-05-15,password,2015-06-25
1041,RODRIGUEZ,Noam,noam.rodriguez@exmpmail.com,1979-03-27,password,2013-12-05
1042,LEGER,Lyydia,lyydia.leger@exmpmail.com,1981-06-19,password,2013-12-10
1043,BERTIN,Coline,coline.bertin@exmpmail.com,1974-04-26,password,2016-05-29
1044,PERRET,Janne ,janne .perret@exmpmail.com,1960-01-15,password,2014-12-07
1045,AUBRY,Euthalia,euthalia.aubry@exmpmail.com,1985-09-27,password,2015-12-20
1046,DUPUIS,Deepali,deepali.dupuis@exmpmail.com,1965-12-06,password,2015-08-11
1047,PEREZ,Muhsin,muhsin.perez@exmpmail.com,1969-06-12,password,2015-03-11
1048,LAMY,Maynerd,maynerd.lamy@exmpmail.com,1968-12-05,password,2014-12-09
1049,COLLET,Balthasar,balthasar.collet@exmpmail.com,1968-06-19,password,2015-12-01
1050,ROYER,Valora,valora.royer@exmpmail.com,1983-04-27,password,2013-12-27
1051,PELLETIER,Brandie,brandie.pelletier@exmpmail.com,1990-12-09,password,2015-12-10
1052,ADAM,Digby,digby.adam@exmpmail.com,1969-09-15,password,2016-10-30
1053,LEJEUNE,France,france.lejeune@exmpmail.com,1978-10-15,password,2014-04-20
1054,PELLETIER,Tamara,tamara.pelletier@exmpmail.com,1971-08-21,password,2016-05-03
1055,POULAIN,Deeann,deeann.poulain@exmpmail.com,1987-01-08,password,2015-01-24
1056,BERTIN,Mihael,mihael.bertin@exmpmail.com,1983-02-14,password,2015-04-01
1057,JEAN,Bahiyya,bahiyya.jean@exmpmail.com,1960-04-24,password,2015-11-14
1058,BOUCHET,Sherlock,sherlock.bouchet@exmpmail.com,1967-02-01,password,2015-10-15
1059,MILLET,Star,star.millet@exmpmail.com,1976-08-11,password,2014-10-19
1060,LOPEZ,Yvette,yvette.lopez@exmpmail.com,1986-11-28,password,2016-01-03
1061,MARTY,Dung,dung.marty@exmpmail.com,1979-02-24,password,2015-08-15
1062,ADAM,Abdul-aziz,abdul-aziz.adam@exmpmail.com,1978-11-13,password,2014-07-13
1063,REYNAUD,Comfort,comfort.reynaud@exmpmail.com,1964-09-12,password,2016-04-04
1064,LE GALL,Travers,travers.le gall@exmpmail.com,1975-05-28,password,2015-03-11
1065,GUICHARD,Thaddeus,thaddeus.guichard@exmpmail.com,1973-11-12,password,2016-06-02
1066,HAMON,Deanne,deanne.hamon@exmpmail.com,1979-03-26,password,2014-01-23
1067,GILBERT,Rafiq,rafiq.gilbert@exmpmail.com,1989-10-12,password,2015-08-31
1068,JACQUET,Juha,juha.jacquet@exmpmail.com,1970-08-14,password,2015-06-03
1069,BENARD,Concetto,concetto.benard@exmpmail.com,1981-09-11,password,2013-12-11
1070,LANGLOIS,Olle,olle.langlois@exmpmail.com,1968-12-20,password,2014-06-22
1071,HOARAU,Gretta,gretta.hoarau@exmpmail.com,1983-06-09,password,2015-07-09
1072,MICHAUD,Straton,straton.michaud@exmpmail.com,1985-09-02,password,2014-08-28
1073,MONNIER,Hanaa,hanaa.monnier@exmpmail.com,1966-02-01,password,2015-02-02
1074,BAILLY,Hartmut,hartmut.bailly@exmpmail.com,1989-06-20,password,2016-04-23
1075,LANGLOIS,Maximiano,maximiano.langlois@exmpmail.com,1971-06-03,password,2016-06-20
1076,HUBERT,Todd,todd.hubert@exmpmail.com,1979-02-06,password,2014-05-22
1077,REMY,Sheenagh,sheenagh.remy@exmpmail.com,1966-06-13,password,2014-10-04
1078,JEAN,Dagmar,dagmar.jean@exmpmail.com,1963-03-22,password,2016-10-15
1079,BAILLY,Sohrab,sohrab.bailly@exmpmail.com,1983-07-15,password,2015-06-09
1080,LOUIS,Richard,richard.louis@exmpmail.com,1989-03-27,password,2016-10-12
1081,MICHAUD,Janne ,janne .michaud@exmpmail.com,1966-12-18,password,2014-03-21
1082,GUICHARD,Edom,edom.guichard@exmpmail.com,1989-04-21,password,2015-03-11
1083,PERRET,Ignacz,ignacz.perret@exmpmail.com,1967-03-25,password,2016-04-08
1084,COUSIN,Rosalin,rosalin.cousin@exmpmail.com,1981-03-13,password,2014-03-17
1085,GAY,Ekaterina,ekaterina.gay@exmpmail.com,1969-06-07,password,2014-11-01
1086,CHARLES,Ekaterina,ekaterina.charles@exmpmail.com,1971-03-06,password,2016-08-11
1087,DANIEL,Bronislaw,bronislaw.daniel@exmpmail.com,1961-01-07,password,2015-12-23
1088,MARTY,Gertruida,gertruida.marty@exmpmail.com,1985-12-11,password,2015-04-12
1089,MONNIER,Kyung-soon,kyung-soon.monnier@exmpmail.com,1989-10-27,password,2013-12-04
1090,MAILLARD,Jaffe,jaffe.maillard@exmpmail.com,1972-02-16,password,2016-06-27
1091,POIRIER,Volya,volya.poirier@exmpmail.com,1984-10-18,password,2015-03-04
1092,MALLET,Faivish,faivish.mallet@exmpmail.com,1980-06-03,password,2014-07-17
1093,LEVEQUE,Theirn,theirn.leveque@exmpmail.com,1979-06-24,password,2015-11-26
1094,LEBRUN,Ragnfrid,ragnfrid.lebrun@exmpmail.com,1988-09-08,password,2016-04-29
1095,LEGER,Sacheverell,sacheverell.leger@exmpmail.com,1973-02-03,password,2014-03-13
1096,LEMAITRE,Varya,varya.lemaitre@exmpmail.com,1968-08-23,password,2015-08-26
1097,BRETON,Uthman,uthman.breton@exmpmail.com,1987-09-05,password,2016-06-15
1098,HOARAU,Maeva,maeva.hoarau@exmpmail.com,1990-05-18,password,2016-10-22
1099,BOUCHER,Seren,seren.boucher@exmpmail.com,1986-04-29,password,2016-08-11
